Player,Try Match 11,Try Match 9,Assist Match 11,Assist Match 9,Breaks Match 11,Breaks Match 9,Metres Match 11,Metres Match 9,Offloads Match 11,Offloads Match 9,Carries Match 11,Carries Match 9,Team,,,,
Alessandro Garbisi,0,0,0,0,1,0,15,0,0,0,7,0,Benetton,,Benetton,3304,3737
Alessandro Izekor,0,0,0,0,1,1,27,25,1,1,9,8,Benetton,,Bulls,4154,4573
Braam Steyn,0,0,0,0,0,0,9,9,1,1,7,7,Benetton,,Cardiff,3043,3427
Carl Wegner,0,0,0,0,0,0,7,7,0,0,8,8,Benetton,,Connacht,3278,3674
Cherif Traore,0,0,0,0,0,0,13,0,2,0,6,0,Benetton,,Dragons,3918,4239
Corniel Els,0,0,0,0,0,0,0,0,0,0,0,0,Benetton,,Edinburgh,3737,3737
Dewaldt Duvenage,0,0,0,0,1,1,16,16,0,0,16,16,Benetton,,Glasgow Warriors,3704,4188
Dewi Passarella,0,0,0,0,0,0,0,0,0,0,0,0,Benetton,,Leinster,4090,4757
Edoardo Padovani,3,3,0,0,8,8,183,156,3,3,34,29,Benetton,,Lions,2908,3269
Federico Ruzza,3,0,0,0,2,0,108,60,4,3,47,33,Benetton,,Munster,3493,4009
Federico Zani,1,0,0,0,0,0,5,5,0,0,9,7,Benetton,,Ospreys,3112,3420
Filippo Alongi,0,0,0,0,0,0,8,8,0,0,5,5,Benetton,,Scarlets,4129,4615
Filippo Drago,0,0,0,0,1,1,31,31,0,0,6,6,Benetton,,Sharks,3513,3913
Giacomo da Re,0,0,0,0,0,0,66,66,1,1,19,19,Benetton,,Stormers,3538,3806
Giacomo Nicotera,2,1,0,0,0,0,36,21,1,0,35,27,Benetton,,Ulster,3394,3834
Gianmarco Lucchesi,1,1,0,0,0,0,32,32,1,1,33,33,Benetton,,Zebre,3356,3356
Giovanni Pettinelli,0,0,0,0,0,0,42,42,1,1,23,23,Benetton,,,,
Giuliano Avaca,0,0,0,0,0,0,28,28,0,0,7,7,Benetton,,,,
Henry Time-Stowers,0,0,0,0,0,0,33,0,2,0,33,0,Benetton,,,,
Ignacio Mendy,2,2,0,0,5,5,270,270,2,2,47,47,Benetton,,,,
Iliesa Ratuva Tavuyara,0,0,0,0,0,0,0,0,0,0,0,0,Benetton,,,,
Ivan Nemer,0,0,0,0,1,1,45,45,2,2,28,28,Benetton,,,,
Jacob Umaga,0,0,0,0,3,2,129,99,3,3,14,11,Benetton,,,,
Joaquin Riera,0,0,0,0,3,3,80,80,3,3,25,25,Benetton,,,,
Joey Caputo,0,0,0,0,0,0,0,0,0,0,0,0,Benetton,,,,
Lapo Frangini,0,0,0,0,0,0,0,0,0,0,0,0,Benetton,,,,
Leonardo Marin,0,0,0,0,0,0,0,0,0,0,0,0,Benetton,,,,
Lorenzo Cannone,2,2,0,0,1,1,178,178,1,1,57,57,Benetton,,,,
Manfredi Albanese,1,1,0,0,3,2,65,37,0,0,9,6,Benetton,,,,
Manuel Arroyo,0,0,0,0,0,0,3,3,0,0,5,5,Benetton,,,,
Manuel Zuliani,2,1,0,0,4,3,137,99,4,2,42,32,Benetton,,,,
Marco Lazzaroni,0,0,0,0,0,0,0,0,1,1,3,3,Benetton,,,,
Marco Zanon,1,1,0,0,2,2,107,107,8,8,44,44,Benetton,,,,
Marcus Watson,2,2,0,0,3,3,136,136,1,1,14,14,Benetton,,,,
Matteo Drudi,0,0,0,0,0,0,0,0,0,0,0,0,Benetton,,,,
Matteo Minozzi,0,0,0,0,0,2,22,11,0,2,10,4,Benetton,,,,
Mattia Bellini,1,1,0,0,2,2,105,105,5,5,18,18,Benetton,,,,
Michele Lamaro,0,0,0,0,0,0,73,73,1,1,45,45,Benetton,,,,
Nacho Brex,0,0,0,0,1,1,88,61,5,3,46,32,Benetton,,,,
Nahuel Tetaz Chaparro,0,0,0,0,0,0,4,4,0,0,4,4,Benetton,,,,
Niccolo Cannone,0,0,0,0,1,1,34,34,2,2,28,28,Benetton,,,,
Nicola Piantella,0,0,0,0,0,0,0,0,0,0,1,1,Benetton,,,,
Onisi Ratave,0,0,0,0,1,0,94,10,2,1,18,4,Benetton,,,,
Rhyno Smith,1,1,0,0,1,1,213,213,4,4,29,29,Benetton,,,,
Riccardo Favretto,1,0,0,0,0,0,7,0,1,0,8,2,Benetton,,,,
Sam Hidalgo-Clyne,0,0,0,0,0,0,27,27,2,2,9,9,Benetton,,,,
Scott Scrafton,0,0,0,0,1,1,57,57,1,1,31,31,Benetton,,,,
Sebastian Negri da Ollegio,1,0,0,0,2,0,59,0,3,0,41,0,Benetton,,,,
Simone Ferrari,0,0,0,0,0,0,1,1,0,0,9,9,Benetton,,,,
Thomas Gallo,0,0,0,0,0,0,27,27,0,0,18,18,Benetton,,,,
Tiziano Pasquali,0,0,0,0,0,0,0,0,0,0,4,3,Benetton,,,,
Toa Halafihi,1,1,0,0,1,1,64,64,2,2,33,33,Benetton,,,,
Tomas Albornoz,2,1,0,0,5,3,299,224,2,2,53,43,Benetton,,,,
Tommaso Menoncello,3,2,0,0,7,4,321,229,6,4,47,36,Benetton,,,,
Bernard van der Linde,0,0,0,0,0,0,1,0,0,0,3,0,Bulls,,,,
Bismarck du Plessis,1,1,0,0,0,0,29,29,0,0,23,23,Bulls,,,,
Cameron Hanekom,0,0,0,0,0,0,0,0,0,0,0,0,Bulls,,,,
Canan Moodie,3,2,0,0,6,4,176,124,3,2,22,12,Bulls,,,,
Carlton Banies,0,0,0,0,0,0,0,0,0,0,0,0,Bulls,,,,
Chris Smith,0,0,0,0,0,0,135,133,5,5,36,31,Bulls,,,,
Cornal Hendricks,2,2,0,0,7,6,172,156,5,4,36,28,Bulls,,,,
Cyle Brink,0,0,0,0,1,1,44,34,0,0,17,9,Bulls,,,,
David Kriel,3,3,0,0,12,12,525,525,7,7,54,54,Bulls,,,,
Dylan Smith,0,0,0,0,0,0,0,0,0,0,3,3,Bulls,,,,
Elrigh Louw,4,4,0,0,3,3,308,277,6,6,105,90,Bulls,,,,
Embrose Papier,1,1,0,0,3,3,133,125,5,4,28,24,Bulls,,,,
Francois Klopper,0,0,0,0,0,0,16,16,0,0,21,21,Bulls,,,,
Gerhard Steenekamp,0,0,0,0,0,0,37,35,2,2,37,29,Bulls,,,,
Harold Vorster,0,0,0,0,7,5,258,152,4,4,54,41,Bulls,,,,
Jacques du Plessis,0,0,0,0,0,0,0,0,0,0,0,0,Bulls,,,,
Jacques van Rooyen,0,0,0,0,0,0,5,5,0,0,5,5,Bulls,,,,
James Verity-Amm,0,0,0,0,0,0,0,0,0,0,0,0,Bulls,,,,
Jan-Hendrik Wessels,3,3,0,0,1,1,50,50,5,5,28,27,Bulls,,,,
Janko Swanepoel,1,1,0,0,1,1,23,23,5,4,22,21,Bulls,,,,
Joe van Zyl,0,0,0,0,0,0,0,0,0,0,0,0,Bulls,,,,
Johan Goosen,2,1,0,0,5,4,229,181,6,2,38,29,Bulls,,,,
Johan Grobbelaar,1,1,0,0,0,0,45,37,4,2,34,23,Bulls,,,,
Juan Mostert,0,0,0,0,0,0,0,0,0,0,0,0,Bulls,,,,
Keagan Johannes,0,0,0,0,0,0,0,0,0,0,0,0,Bulls,,,,
Kurt-Lee Arendse,3,3,0,0,6,4,431,320,9,7,73,47,Bulls,,,,
Lionel Mapoe,0,0,0,0,4,3,169,132,10,7,46,34,Bulls,,,,
Lizo Gqoboka,0,0,0,0,0,0,0,0,0,0,0,0,Bulls,,,,
Marcell Coetzee,4,4,0,0,1,1,141,141,3,3,65,65,Bulls,,,,
Marco Jansen van Vuren,0,0,0,0,1,1,13,13,1,1,2,2,Bulls,,,,
Marco van Staden,1,0,0,0,0,0,136,106,3,3,70,59,Bulls,,,,
Merwe Olivier,0,0,0,0,0,0,0,0,0,0,0,0,Bulls,,,,
Mihlali Mosi,0,0,0,0,0,0,11,11,0,0,3,3,Bulls,,,,
Mornay Smith,0,0,0,0,0,0,19,16,1,1,35,25,Bulls,,,,
Morne Steyn,0,0,0,0,0,0,5,5,0,0,4,4,Bulls,,,,
Muller Uys,0,0,0,0,0,0,0,0,0,0,0,0,Bulls,,,,
Neil le Roux,0,0,0,0,0,0,0,0,0,0,0,0,Bulls,,,,
Nizaam Carr,2,1,0,0,2,1,36,12,2,0,21,8,Bulls,,,,
Phumzile Maqondwana,0,0,0,0,0,0,0,0,0,0,0,0,Bulls,,,,
Reinhardt Ludwig,0,0,0,0,0,0,7,7,0,0,3,3,Bulls,,,,
Robert Hunt,0,0,0,0,0,0,0,0,0,0,0,0,Bulls,,,,
Ruan Nortje,3,3,0,0,4,4,134,129,7,6,79,65,Bulls,,,,
Ruan Vermaak,0,0,0,0,0,0,51,29,1,1,26,11,Bulls,,,,
Sbu Nkosi,0,0,0,0,1,1,132,132,0,0,14,14,Bulls,,,,
Sebastian Lombard,0,0,0,0,0,0,0,0,0,0,1,0,Bulls,,,,
Sidney Tobias,0,0,0,0,0,0,0,0,0,0,0,0,Bulls,,,,
Simphiwe Matanzima,0,0,0,0,0,0,35,20,3,3,34,26,Bulls,,,,
Stedman Gans,0,0,0,0,1,1,42,42,0,0,13,13,Bulls,,,,
Stravino Jacobs,3,3,0,0,5,5,149,149,1,1,13,13,Bulls,,,,
Tiaan Lange,0,0,0,0,0,0,0,0,0,0,0,0,Bulls,,,,
Walt Steenkamp,0,0,0,0,1,1,27,27,0,0,15,15,Bulls,,,,
Wandisile Simelane,0,0,0,0,2,2,239,239,3,3,25,25,Bulls,,,,
WJ Steenkamp,1,1,0,0,0,0,46,46,0,0,22,22,Bulls,,,,
Zak Burger,3,3,0,0,3,3,145,145,3,3,19,19,Bulls,,,,
Aled Summerhill,1,1,0,0,6,6,192,192,3,3,29,29,Cardiff,,,,
Ben Thomas,1,1,0,0,2,2,157,128,2,2,43,34,Cardiff,,,,
Brad Thyer,0,0,0,0,0,0,1,1,0,0,3,3,Cardiff,,,,
Cam Winnett,0,0,0,0,0,0,0,0,0,0,3,3,Cardiff,,,,
Corey Domachowski,1,0,0,0,1,1,23,21,0,0,19,13,Cardiff,,,,
Dillon Lewis,0,0,0,0,0,0,4,4,1,1,16,16,Cardiff,,,,
Dimitri Arhip,0,0,0,0,0,0,5,5,1,1,16,16,Cardiff,,,,
Efan Daniel,0,0,0,0,0,0,0,0,0,0,0,0,Cardiff,,,,
Ellis Bevan,0,0,0,0,0,0,5,5,1,1,1,1,Cardiff,,,,
Ellis Jenkins,0,0,0,0,0,0,13,0,0,0,2,0,Cardiff,,,,
Gwilym Bradley,0,0,0,0,0,0,0,0,0,0,0,0,Cardiff,,,,
Harri Millard,0,0,0,0,0,0,2,2,0,0,1,1,Cardiff,,,,
Jacob Beetham,0,0,0,0,0,0,0,0,0,0,0,0,Cardiff,,,,
James Botham,2,2,0,0,2,2,125,125,1,1,52,52,Cardiff,,,,
James Ratti,0,0,0,0,0,0,80,79,0,0,27,26,Cardiff,,,,
Jamie Hill,0,0,0,0,0,0,0,0,0,0,0,0,Cardiff,,,,
Jarrod Evans,0,0,0,0,1,1,213,194,2,1,50,40,Cardiff,,,,
Jason Harries,1,1,0,0,3,3,149,149,0,0,32,32,Cardiff,,,,
Joe Peard,0,0,0,0,0,0,0,0,0,0,0,0,Cardiff,,,,
Josh Adams,4,2,0,0,9,4,304,180,3,1,33,17,Cardiff,,,,
Josh Navidi,0,0,0,0,0,0,0,0,0,0,0,0,Cardiff,,,,
Josh Turnbull,0,0,0,0,0,0,35,30,3,2,64,51,Cardiff,,,,
Keiron Assiratti,0,0,0,0,0,0,0,0,0,0,0,0,Cardiff,,,,
Kirby Myhill,0,0,0,0,0,0,23,23,0,0,12,11,Cardiff,,,,
Kristian Dacey,2,2,0,0,2,2,63,63,1,1,39,39,Cardiff,,,,
Liam Belcher,2,1,0,0,0,0,50,37,2,0,33,17,Cardiff,,,,
Liam Williams,0,0,0,0,1,0,119,53,0,0,17,6,Cardiff,,,,
Lloyd Williams,0,0,0,0,1,0,67,53,0,0,15,13,Cardiff,,,,
Lopeti Timani,0,0,0,0,0,0,91,68,6,5,62,43,Cardiff,,,,
Mason Grady,0,0,0,0,2,1,126,113,1,1,22,20,Cardiff,,,,
Matthew Morgan,0,0,0,0,0,0,70,70,1,1,8,8,Cardiff,,,,
Max Llewellyn,1,1,0,0,6,6,188,188,3,3,35,35,Cardiff,,,,
Olly Robinson,0,0,0,0,0,0,0,0,0,0,0,0,Cardiff,,,,
Owen Lane,1,0,0,0,3,0,18,0,2,0,5,0,Cardiff,,,,
Rey Lee-Lo,0,0,0,0,0,0,64,41,9,8,23,16,Cardiff,,,,
Rhys Barratt,0,0,0,0,0,0,0,0,0,0,0,0,Cardiff,,,,
Rhys Carre,1,1,0,0,2,1,66,54,4,2,48,41,Cardiff,,,,
Rhys Priestland,0,0,0,0,1,1,47,47,5,5,18,18,Cardiff,,,,
Rory Thornton,0,0,0,0,0,0,1,1,0,0,8,8,Cardiff,,,,
Seb Davies,0,0,0,0,1,1,43,42,0,0,31,29,Cardiff,,,,
Shane Lewis-Hughes,1,1,0,0,0,0,28,28,0,0,9,9,Cardiff,,,,
Taulupe Faletau,0,0,0,0,1,1,178,126,6,2,52,36,Cardiff,,,,
Teddy Williams,0,0,0,0,0,0,3,3,0,0,6,6,Cardiff,,,,
Theo Cabango,1,1,0,0,2,2,115,115,0,0,17,17,Cardiff,,,,
Thomas Young,4,4,0,0,6,5,270,233,3,2,55,46,Cardiff,,,,
Tomos Williams,3,0,0,0,2,0,98,0,10,0,33,0,Cardiff,,,,
Uilisi Halaholo,0,0,0,0,0,0,0,0,0,0,0,0,Cardiff,,,,
Will Davies-King,0,0,0,0,0,0,7,4,0,0,9,4,Cardiff,,,,
Adam Byrne,0,0,0,0,0,0,8,8,0,0,2,2,Connacht,,,,
Alex Wootton,1,1,0,0,2,2,79,79,0,0,9,9,Connacht,,,,
Bundee Aki,0,0,0,0,0,0,61,61,1,1,18,18,Connacht,,,,
Byron Ralston,1,1,0,0,1,1,101,86,0,0,27,24,Connacht,,,,
Caolin Blade,4,3,0,0,2,1,123,85,1,0,39,30,Connacht,,,,
Cathal Forde,0,0,0,0,0,0,0,0,0,0,0,0,Connacht,,,,
Cian Prendergast,0,0,0,0,1,1,63,56,1,1,32,22,Connacht,,,,
Ciaran Booth,0,0,0,0,0,0,3,3,0,0,2,2,Connacht,,,,
Colm Reilly,0,0,0,0,0,0,14,14,1,1,7,7,Connacht,,,,
Conor Fitzgerald,0,0,0,0,0,0,88,88,0,0,20,20,Connacht,,,,
Conor Oliver,0,0,0,0,2,2,109,104,1,1,64,57,Connacht,,,,
Darragh Murray,0,0,0,0,0,0,0,0,0,0,4,0,Connacht,,,,
Dave Heffernan,0,0,0,0,0,0,124,58,1,1,69,44,Connacht,,,,
David Hawkshaw,2,1,0,0,5,4,193,159,1,1,36,30,Connacht,,,,
Denis Buckley,0,0,0,0,0,0,3,3,0,0,15,15,Connacht,,,,
Diarmuid Kilgallen,0,0,0,0,0,0,91,47,2,2,11,6,Connacht,,,,
Dominic Robertson-McCoy,0,0,0,0,0,0,10,0,0,0,8,0,Connacht,,,,
Dylan Tierney-Martin,2,2,0,0,1,1,48,48,1,1,25,25,Connacht,,,,
Finlay Bealham,2,2,0,0,0,0,23,23,2,2,24,24,Connacht,,,,
Gavin Thornbury,0,0,0,0,0,0,14,14,0,0,15,15,Connacht,,,,
Grant Stewart,0,0,0,0,0,0,14,14,0,0,5,5,Connacht,,,,
Jack Aungier,3,3,0,0,0,0,64,64,3,3,37,37,Connacht,,,,
Jack Carty,0,0,0,0,0,0,113,60,5,4,32,18,Connacht,,,,
Jarrad Butler,1,0,0,0,0,0,92,45,2,2,50,29,Connacht,,,,
John Porch,1,1,0,0,7,7,487,421,6,6,85,70,Connacht,,,,
Jordan Duggan,0,0,0,0,0,0,1,1,0,0,4,4,Connacht,,,,
Josh Murphy,0,0,0,0,0,0,34,34,0,0,36,36,Connacht,,,,
Kieran Marmion,1,1,0,0,3,2,84,69,1,2,21,18,Connacht,,,,
Leva Fifita,0,0,0,0,0,0,11,11,0,0,19,19,Connacht,,,,
Mack Hansen,3,3,0,0,5,5,318,318,11,11,63,63,Connacht,,,,
Matthew Burke,0,0,0,0,0,0,0,0,0,0,0,0,Connacht,,,,
Niall Murray,2,2,0,0,1,1,84,70,2,1,24,16,Connacht,,,,
Oisin Dowling,0,0,0,0,0,0,32,28,0,0,37,29,Connacht,,,,
Oisin McCormack,0,0,0,0,0,0,0,0,0,0,0,0,Connacht,,,,
Oran McNulty,0,0,0,0,0,0,68,68,0,0,15,15,Connacht,,,,
Paul Boyle,2,2,0,0,1,1,100,100,2,2,54,54,Connacht,,,,
Peter Dooley,0,0,0,0,0,0,23,14,4,3,41,29,Connacht,,,,
Sam Illo,0,0,0,0,0,0,6,4,0,0,5,4,Connacht,,,,
Sean Masterson,0,0,0,0,0,0,0,0,0,0,0,0,Connacht,,,,
Shamus Hurley-Langton,0,0,0,0,0,0,22,17,1,1,33,23,Connacht,,,,
Shane Delahunt,0,0,0,0,0,0,15,5,1,1,8,5,Connacht,,,,
Shane Jennings,0,0,0,0,0,0,0,0,0,0,0,0,Connacht,,,,
Shayne Bolton,0,0,0,0,0,0,0,0,0,0,0,0,Connacht,,,,
Tiernan O'Halloran,0,0,0,0,0,0,189,78,2,1,33,17,Connacht,,,,
Tom Daly,0,0,0,0,0,0,26,24,0,0,21,14,Connacht,,,,
Tom Farrell,1,0,0,0,5,4,340,236,9,6,78,54,Connacht,,,,
Aaron Wainwright,1,1,0,0,5,4,219,172,2,2,55,44,Dragons,,,,
Aki Seiuli,1,1,0,0,1,1,87,71,3,2,42,36,Dragons,,,,
Aneurin Owen,0,0,0,0,0,0,5,5,0,0,3,3,Dragons,,,,
Angus O'Brien,3,2,0,0,4,3,480,411,6,5,82,73,Dragons,,,,
Ashton Hewitt,0,0,0,0,2,0,178,48,1,0,21,9,Dragons,,,,
Ben Carter,0,0,0,0,0,0,28,28,0,0,33,33,Dragons,,,,
Ben Fry,0,0,0,0,1,1,76,58,6,4,33,24,Dragons,,,,
Bradley Roberts,2,2,0,0,3,2,175,137,0,0,57,43,Dragons,,,,
Che Hope,1,1,0,0,1,1,17,17,0,0,2,1,Dragons,,,,
Chris Coleman,0,0,0,0,0,0,20,18,0,0,19,15,Dragons,,,,
Cory Allen,0,0,0,0,0,0,0,0,0,0,0,0,Dragons,,,,
David Richards,2,2,0,0,2,2,75,75,1,1,12,12,Dragons,,,,
Elliot Dee,1,1,0,0,0,0,37,37,1,1,35,35,Dragons,,,,
Ellis Shipp,0,0,0,0,0,0,5,5,0,0,1,1,Dragons,,,,
George Nott,0,0,0,0,0,0,27,0,3,0,25,0,Dragons,,,,
Gonzalo Bertranou,0,0,0,0,2,2,19,19,2,2,8,8,Dragons,,,,
Harri Keddie,0,0,0,0,3,3,97,97,3,3,25,25,Dragons,,,,
Huw Taylor,0,0,0,0,0,0,3,3,1,1,5,5,Dragons,,,,
Ioan Davies,0,0,0,0,0,0,0,0,0,0,0,0,Dragons,,,,
Jack Dixon,0,0,0,0,1,1,117,117,4,4,58,58,Dragons,,,,
James Benjamin,1,1,0,0,1,1,26,26,2,2,9,9,Dragons,,,,
Jared Rosser,0,0,0,0,4,4,165,165,2,2,29,29,Dragons,,,,
JJ Hanrahan,1,1,0,0,1,1,116,88,3,2,35,24,Dragons,,,,
Joe Davies,0,0,0,0,0,0,11,6,0,0,11,3,Dragons,,,,
Jordan Williams,1,1,0,0,3,3,169,169,4,4,13,13,Dragons,,,,
Josh Reynolds,0,0,0,0,0,0,0,0,0,0,0,0,Dragons,,,,
Lennon Greggains,0,0,0,0,0,0,0,0,0,0,0,0,Dragons,,,,
Leon Brown,0,0,0,0,0,0,0,0,0,0,0,0,Dragons,,,,
Lewis Jones,1,0,0,0,1,1,49,38,2,1,17,9,Dragons,,,,
Lloyd Fairbrother,0,0,0,0,0,0,6,6,1,1,34,34,Dragons,,,,
Matthew Screech,0,0,0,0,0,0,11,8,2,1,18,12,Dragons,,,,
Max Clark,0,0,0,0,3,3,68,68,4,4,20,20,Dragons,,,,
Ollie Griffiths,0,0,0,0,0,0,0,0,0,0,0,0,Dragons,,,,
Rhodri Jones,0,0,0,0,0,0,11,11,0,0,10,10,Dragons,,,,
Rhodri Williams,1,1,0,0,4,4,102,102,5,5,29,29,Dragons,,,,
Rio Dyer,5,4,0,0,11,7,495,415,6,6,51,41,Dragons,,,,
Rob Evans,0,0,0,0,0,0,15,10,1,1,15,9,Dragons,,,,
Ross Moriarty,0,0,0,0,1,1,346,247,3,3,90,70,Dragons,,,,
Sam Davies,0,0,0,0,1,1,80,76,5,5,26,22,Dragons,,,,
Sean Lonsdale,0,0,0,0,1,1,73,73,2,2,29,29,Dragons,,,,
Sio Tomkinson,1,1,0,0,1,0,188,163,8,5,50,41,Dragons,,,,
Steff Hughes,2,2,0,0,5,4,162,136,2,2,53,39,Dragons,,,,
Taine Basham,0,0,0,0,0,0,84,65,5,5,36,29,Dragons,,,,
Will Reed,0,0,0,0,0,0,27,27,0,0,8,8,Dragons,,,,
Will Rowlands,0,0,0,0,0,0,49,49,2,2,47,47,Dragons,,,,
Adam McBurney,2,2,0,0,2,2,58,58,1,1,8,8,Edinburgh,,,,
Angus Williams,0,0,0,0,0,0,3,3,0,0,14,12,Edinburgh,,,,
Ben Evans,0,0,0,0,0,0,0,0,0,0,0,0,Edinburgh,,,,
Ben Muncaster,2,2,0,0,1,1,107,107,3,3,43,43,Edinburgh,,,,
Ben Vellacott,1,1,0,0,1,1,41,41,2,2,10,10,Edinburgh,,,,
Blair Kinghorn,1,1,0,0,4,4,195,149,3,2,32,26,Edinburgh,,,,
Boan Venter,0,0,0,0,0,0,86,72,0,0,54,45,Edinburgh,,,,
Bruce Houston,0,0,0,0,0,0,0,0,0,0,0,0,Edinburgh,,,,
Cameron Scott,0,0,0,0,0,0,0,0,0,0,0,0,Edinburgh,,,,
Cammy Hutchison,0,0,0,0,0,0,3,0,0,0,1,0,Edinburgh,,,,
Charlie Savala,1,1,0,0,1,1,70,64,7,6,25,18,Edinburgh,,,,
Charlie Shiel,0,0,0,0,1,1,12,12,0,0,6,6,Edinburgh,,,,
Chris Dean,2,2,0,0,4,4,209,209,4,4,48,48,Edinburgh,,,,
Connor Boyle,1,0,0,0,0,0,8,0,0,0,10,0,Edinburgh,,,,
Damien Hoyland,2,2,0,0,2,2,82,82,1,1,25,25,Edinburgh,,,,
Darcy Graham,9,9,0,0,13,13,500,500,1,1,44,44,Edinburgh,,,,
Dave Cherry,1,1,0,0,0,0,21,21,0,0,13,13,Edinburgh,,,,
Duhan van der Merwe,2,2,0,0,4,3,172,108,6,3,26,15,Edinburgh,,,,
Emiliano Boffelli,1,1,0,0,4,3,202,119,3,0,35,22,Edinburgh,,,,
Glen Young,1,1,0,0,0,0,14,14,0,0,17,17,Edinburgh,,,,
Grant Gilchrist,0,0,0,0,0,0,19,4,1,0,34,22,Edinburgh,,,,
Hamish Watson,0,0,0,0,0,0,31,31,6,6,22,22,Edinburgh,,,,
Harrison Courtney,1,1,0,0,0,0,35,35,0,0,11,11,Edinburgh,,,,
Harry Paterson,0,0,0,0,0,0,75,0,0,0,10,0,Edinburgh,,,,
Henry Immelman,3,3,0,0,2,2,257,257,3,3,56,56,Edinburgh,,,,
Henry Pyrgos,0,0,0,0,0,0,32,21,2,1,14,10,Edinburgh,,,,
Jack Blain,0,0,0,0,0,0,0,0,1,1,1,1,Edinburgh,,,,
Jaco van der Walt,0,0,0,0,0,0,33,33,0,0,9,9,Edinburgh,,,,
Jacob Henry,0,0,0,0,0,0,0,0,0,0,0,0,Edinburgh,,,,
James Lang,0,0,0,0,3,2,224,159,3,3,62,47,Edinburgh,,,,
Jamie Campbell,0,0,0,0,0,0,0,0,0,0,0,0,Edinburgh,,,,
Jamie Hodgson,1,1,0,0,0,0,11,11,0,0,14,14,Edinburgh,,,,
Jamie Ritchie,2,0,0,0,1,0,98,32,1,0,56,28,Edinburgh,,,,
Karl Main,0,0,0,0,0,0,0,0,0,0,0,0,Edinburgh,,,,
Kwagga van Niekerk,0,0,0,0,0,0,0,0,0,0,0,0,Edinburgh,,,,
Lee-Roy Atalifo,0,0,0,0,0,0,0,0,0,0,0,0,Edinburgh,,,,
Liam McConnell,0,0,0,0,0,0,0,0,0,0,0,0,Edinburgh,,,,
Luan de Bruin,0,0,0,0,0,0,14,14,1,1,17,17,Edinburgh,,,,
Luke Crosbie,3,2,0,0,2,2,141,121,2,2,71,59,Edinburgh,,,,
Mark Bennett,0,0,0,0,2,2,183,164,7,7,39,34,Edinburgh,,,,
Marshall Sykes,0,0,0,0,0,0,18,17,0,0,26,20,Edinburgh,,,,
Matt Currie,1,1,0,0,2,2,44,44,0,0,14,14,Edinburgh,,,,
Nick Auterac,0,0,0,0,0,0,0,0,0,0,1,1,Edinburgh,,,,
Nick Haining,0,0,0,0,0,0,88,88,4,4,58,58,Edinburgh,,,,
Pierce Phillips,0,0,0,0,0,0,0,0,0,0,0,0,Edinburgh,,,,
Pierre Schoeman,2,2,0,0,1,1,39,35,0,0,49,41,Edinburgh,,,,
Roan Frostwick,0,0,0,0,0,0,0,0,0,0,0,0,Edinburgh,,,,
Rudi Brown,0,0,0,0,0,0,0,0,0,0,0,0,Edinburgh,,,,
Sam Skinner,1,1,0,0,1,1,12,12,2,2,29,26,Edinburgh,,,,
Stuart McInally,0,0,0,0,1,1,56,56,1,1,16,16,Edinburgh,,,,
Tom Cruse,0,0,0,0,0,0,10,2,1,0,6,2,Edinburgh,,,,
Viliame Mata,1,1,0,0,2,1,366,128,5,5,122,93,Edinburgh,,,,
Wes Goosen,1,1,0,0,1,1,134,134,1,1,19,19,Edinburgh,,,,
Willem Nel,1,1,0,0,0,0,34,31,0,0,21,16,Edinburgh,,,,
Alex Samuel,0,0,0,0,1,1,29,29,1,1,16,16,Glasgow Warriors,,,,
Ali Price,0,0,0,0,2,2,65,50,3,3,19,15,Glasgow Warriors,,,,
Allan Dell,0,0,0,0,0,0,0,0,0,0,0,0,Glasgow Warriors,,,,
Ally Miller,0,0,0,0,0,0,0,0,0,0,0,0,Glasgow Warriors,,,,
Cole Forbes,1,1,0,0,4,4,207,207,4,4,34,34,Glasgow Warriors,,,,
Domingo Miotti,1,1,0,0,2,2,20,20,1,1,7,7,Glasgow Warriors,,,,
Duncan Weir,0,0,0,0,0,0,0,0,0,0,0,0,Glasgow Warriors,,,,
Enrique Pieretto Heiland,0,0,0,0,0,0,0,0,0,0,0,0,Glasgow Warriors,,,,
Euan Ferrie,0,0,0,0,1,1,41,41,0,0,4,4,Glasgow Warriors,,,,
Fraser Brown,3,3,0,0,0,0,77,70,5,4,61,47,Glasgow Warriors,,,,
George Horne,3,2,0,0,8,5,234,172,4,4,44,36,Glasgow Warriors,,,,
George Turner,0,0,0,0,0,0,47,42,0,0,28,23,Glasgow Warriors,,,,
Gregor Brown,0,0,0,0,0,0,35,35,2,2,22,22,Glasgow Warriors,,,,
Huw Jones,0,0,0,0,0,0,0,0,0,0,0,0,Glasgow Warriors,,,,
Jack Dempsey,1,0,0,0,1,1,148,122,7,7,57,41,Glasgow Warriors,,,,
Jamie Bhatti,0,0,0,0,0,0,16,8,0,0,36,25,Glasgow Warriors,,,,
Jamie Dobie,0,0,0,0,1,1,17,17,1,1,5,5,Glasgow Warriors,,,,
Joel Hodgson,0,0,0,0,0,0,0,0,0,0,0,0,Glasgow Warriors,,,,
Jonny Matthews,2,2,0,0,0,0,11,11,0,0,10,10,Glasgow Warriors,,,,
Josh McKay,1,1,0,0,3,3,262,262,10,10,36,36,Glasgow Warriors,,,,
JP du Preez,0,0,0,0,0,0,27,26,1,1,15,12,Glasgow Warriors,,,,
Kyle Steyn,1,0,0,0,4,3,222,141,3,3,45,33,Glasgow Warriors,,,,
Lewis Bean,0,0,0,0,0,0,10,2,0,0,27,11,Glasgow Warriors,,,,
Lucio Sordoni,0,0,0,0,0,0,12,0,0,0,13,0,Glasgow Warriors,,,,
Matt Fagerson,3,2,0,0,0,0,58,45,1,1,49,32,Glasgow Warriors,,,,
Murphy Walker,0,0,0,0,0,0,21,21,0,0,12,12,Glasgow Warriors,,,,
Nathan McBeth,0,0,0,0,0,0,4,4,0,0,2,2,Glasgow Warriors,,,,
Oli Kebble,1,1,0,0,1,1,81,81,3,3,31,31,Glasgow Warriors,,,,
Ollie Smith,0,0,0,0,2,2,89,66,1,0,24,13,Glasgow Warriors,,,,
Richie Gray,0,0,0,0,0,0,43,25,1,0,46,33,Glasgow Warriors,,,,
Rory Darge,0,0,0,0,0,0,3,3,0,0,1,1,Glasgow Warriors,,,,
Ross Thompson,0,0,0,0,0,0,1,1,0,0,2,2,Glasgow Warriors,,,,
Rufus McLean,1,1,0,0,1,1,67,67,0,0,18,18,Glasgow Warriors,,,,
Ryan Wilson,0,0,0,0,1,1,19,19,2,2,7,7,Glasgow Warriors,,,,
Sam Johnson,0,0,0,0,0,0,87,87,1,1,22,22,Glasgow Warriors,,,,
Scott Cummings,1,1,0,0,0,0,8,8,3,3,17,17,Glasgow Warriors,,,,
Sean Kennedy,0,0,0,0,1,1,31,31,2,2,3,3,Glasgow Warriors,,,,
Sebastian Cancelliere,4,4,0,0,12,10,438,390,11,10,76,60,Glasgow Warriors,,,,
Simon Berghan,0,0,0,0,0,0,6,1,2,0,15,5,Glasgow Warriors,,,,
Sintu Manjezi,1,1,0,0,1,1,41,41,1,1,29,29,Glasgow Warriors,,,,
Sione Tuipulotu,0,0,0,0,3,2,243,176,6,4,66,55,Glasgow Warriors,,,,
Sione Vailanu,2,2,0,0,2,1,198,129,5,4,51,31,Glasgow Warriors,,,,
Stafford McDowall,3,3,0,0,5,4,306,225,5,5,73,59,Glasgow Warriors,,,,
Tom Gordon,4,4,0,0,2,2,116,116,0,0,26,26,Glasgow Warriors,,,,
Tom Jordan,1,0,0,0,2,0,328,233,8,6,62,50,Glasgow Warriors,,,,
Walter Fifita,0,0,0,0,0,0,0,0,0,0,0,0,Glasgow Warriors,,,,
Zander Fagerson,2,2,0,0,0,0,36,36,1,1,38,38,Glasgow Warriors,,,,
Aitzol King,0,0,0,0,0,0,0,0,0,0,0,0,Leinster,,,,
Alex Soroka,0,0,0,0,0,0,3,0,1,0,5,0,Leinster,,,,
Andrew Porter,2,2,0,0,0,0,45,38,0,0,47,37,Leinster,,,,
Andrew Smith,0,0,0,0,0,0,0,0,0,0,0,0,Leinster,,,,
Ben Brownlee,0,0,0,0,0,0,12,12,0,0,1,1,Leinster,,,,
Ben Murphy,0,0,0,0,0,0,0,0,0,0,0,0,Leinster,,,,
Brian Deeny,1,0,0,0,0,0,16,5,0,0,8,3,Leinster,,,,
Caelan Doris,0,0,0,0,4,3,133,84,4,2,39,29,Leinster,,,,
Charlie Ngatai,0,0,0,0,3,1,162,131,6,5,40,35,Leinster,,,,
Charlie Tector,0,0,0,0,0,0,0,0,0,0,0,0,Leinster,,,,
Chris Cosgrave,1,1,0,0,1,1,99,99,1,1,12,12,Leinster,,,,
Cian Healy,0,0,0,0,0,0,7,7,0,0,12,12,Leinster,,,,
Ciaran Frawley,0,0,0,0,1,1,57,57,2,2,12,12,Leinster,,,,
Cormac Foley,1,1,0,0,1,1,98,81,2,2,13,12,Leinster,,,,
Dan Sheehan,6,6,0,0,3,3,132,132,0,0,54,54,Leinster,,,,
Dave Kearney,2,2,0,0,1,1,103,103,0,0,21,21,Leinster,,,,
Diarmuid Mangan,0,0,0,0,0,0,0,0,0,0,0,0,Leinster,,,,
Ed Byrne,0,0,0,0,1,1,42,42,3,3,22,22,Leinster,,,,
Garry Ringrose,4,4,0,0,8,8,198,198,7,7,40,40,Leinster,,,,
Harry Byrne,0,0,0,0,1,0,33,16,1,0,77,5,Leinster,,,,
Hugo Keenan,0,0,0,0,2,2,103,103,1,1,12,12,Leinster,,,,
Jack Boyle,0,0,0,0,0,0,0,0,0,0,0,0,Leinster,,,,
Jack Conan,0,0,0,0,0,0,50,50,0,0,34,34,Leinster,,,,
James Culhane,0,0,0,0,0,0,0,0,0,0,0,0,Leinster,,,,
James Lowe,1,1,0,0,1,1,21,21,0,0,9,9,Leinster,,,,
James Ryan,0,0,0,0,0,0,44,20,0,0,40,26,Leinster,,,,
James Tracy,0,0,0,0,0,0,0,0,0,0,0,0,Leinster,,,,
Jamie Osborne,0,0,0,0,2,2,196,172,8,3,35,27,Leinster,,,,
Jamison Gibson-Park,4,0,0,0,0,0,45,10,0,0,10,4,Leinster,,,,
Jason Jenkins,2,2,0,0,1,1,86,86,1,1,46,46,Leinster,,,,
Jimmy O'Brien,0,0,0,0,4,3,315,202,8,5,58,39,Leinster,,,,
Joe McCarthy,0,0,0,0,0,0,35,35,0,0,13,13,Leinster,,,,
John McKee,2,2,0,0,0,0,35,29,0,1,12,11,Leinster,,,,
Johnny Sexton,1,0,0,0,0,0,71,0,6,0,19,0,Leinster,,,,
Jordan Larmour,2,0,0,0,1,0,200,0,2,0,38,0,Leinster,,,,
Josh van der Flier,2,1,0,0,3,2,135,95,4,4,34,25,Leinster,,,,
Lee Barron,0,0,0,0,0,0,0,0,0,0,0,0,Leinster,,,,
Liam Turner,1,0,0,0,3,2,143,116,2,2,19,15,Leinster,,,,
Luke McGrath,3,3,0,0,2,2,189,189,2,2,38,38,Leinster,,,,
Marcus Hanan,0,0,0,0,0,0,0,0,0,0,0,0,Leinster,,,,
Martin Moloney,0,0,0,0,0,0,17,17,1,1,14,14,Leinster,,,,
Max Deegan,0,0,0,0,1,1,149,149,0,0,42,42,Leinster,,,,
Max O'Reilly,0,0,0,0,0,0,0,0,0,0,0,0,Leinster,,,,
Michael Ala'alatoa,0,0,0,0,0,0,16,0,0,0,36,0,Leinster,,,,
Michael Milne,1,0,0,0,0,0,44,17,1,0,20,8,Leinster,,,,
Nick McCarthy,0,0,0,0,1,1,17,17,0,0,4,4,Leinster,,,,
Rhys Ruddock,2,2,0,0,0,0,32,32,0,0,23,23,Leinster,,,,
Rob Russell,7,6,0,0,9,8,368,280,6,4,57,43,Leinster,,,,
Robbie Henshaw,1,1,0,0,1,1,115,115,3,3,45,45,Leinster,,,,
Ronan Kelleher,1,1,0,0,0,0,75,54,3,2,33,25,Leinster,,,,
Rory McGuire,0,0,0,0,0,0,0,0,0,0,0,0,Leinster,,,,
Ross Byrne,0,0,0,0,1,1,114,114,6,6,26,26,Leinster,,,,
Ross Molony,0,0,0,0,0,0,35,35,3,3,46,46,Leinster,,,,
Ryan Baird,2,1,0,0,2,1,105,54,2,2,50,40,Leinster,,,,
Sam Prendergast,0,0,0,0,0,0,0,0,0,0,0,0,Leinster,,,,
Scott Penny,2,1,0,0,3,1,148,82,4,2,43,26,Leinster,,,,
Sean O'Brien,0,0,0,0,0,0,0,0,0,0,0,0,Leinster,,,,
Tadgh McElroy,0,0,0,0,0,0,1,1,0,0,1,1,Leinster,,,,
Tadhg Furlong,0,0,0,0,0,0,4,4,0,0,9,9,Leinster,,,,
Temi Lasisi,0,0,0,0,0,0,0,0,0,0,0,0,Leinster,,,,
Thomas Clarkson,1,1,0,0,0,0,10,10,0,0,7,7,Leinster,,,,
Tommy O'Brien,0,0,0,0,0,0,0,0,0,0,0,0,Leinster,,,,
Vakh Abdaladze,0,0,0,0,0,0,13,6,0,0,13,5,Leinster,,,,
Will Connors,0,0,0,0,0,0,19,19,0,0,18,18,Leinster,,,,
Andre Warner,0,0,0,0,1,1,24,24,0,0,2,2,Lions,,,,
Andries Coetzee,2,2,0,0,3,3,313,313,9,9,44,44,Lions,,,,
Asenathi Ntlabakanye,0,0,0,0,0,0,23,2,0,0,10,1,Lions,,,,
Darrien Landsberg,0,0,0,0,0,0,7,7,0,0,9,9,Lions,,,,
Edwill van der Merwe,2,1,0,0,4,3,305,192,1,1,36,27,Lions,,,,
Emmanuel Tshituka,3,3,0,0,3,3,205,171,9,6,82,67,Lions,,,,
Francke Horn,5,5,0,0,4,4,228,228,2,2,49,49,Lions,,,,
Gianni Lombard,0,0,0,0,0,0,19,19,1,1,3,3,Lions,,,,
Henco van Wyk,3,2,0,0,8,7,229,200,1,1,40,38,Lions,,,,
Ilunga Mukendi,0,0,0,0,0,0,0,0,0,0,0,0,Lions,,,,
Jaco Kriel,1,1,0,0,1,1,18,18,1,1,4,4,Lions,,,,
Jaco Visagie,0,0,0,0,1,0,34,13,1,1,14,9,Lions,,,,
James Tedder,0,0,0,0,0,0,0,0,0,0,0,0,Lions,,,,
Jean-Pierre Smith,1,1,0,0,2,2,74,54,4,3,34,23,Lions,,,,
Jordan Hendrikse,1,1,0,0,3,2,156,94,3,2,37,23,Lions,,,,
Manuel Rass,0,0,0,0,0,0,21,0,0,0,4,0,Lions,,,,
Marius Louw,1,1,0,0,2,2,198,175,9,9,68,57,Lions,,,,
Matt More,0,0,0,0,0,0,0,0,0,0,0,0,Lions,,,,
Morgan Naude,0,0,0,0,0,0,0,0,0,0,2,0,Lions,,,,
Morne Brandon,0,0,0,0,0,0,0,0,0,0,0,0,Lions,,,,
Morne van den Berg,1,1,0,0,3,2,76,46,4,3,16,11,Lions,,,,
Pieter Jansen van Vuren,0,0,0,0,0,0,25,17,1,1,34,23,Lions,,,,
PJ Botha,1,1,0,0,0,0,65,65,0,0,44,40,Lions,,,,
Quan Horn,2,2,0,0,4,4,265,216,2,2,54,36,Lions,,,,
Rabz Maxwane,1,1,0,0,2,1,57,42,1,1,5,4,Lions,,,,
Reinhard Nothnagel,0,0,0,0,0,0,13,13,0,0,24,24,Lions,,,,
Ruan Dreyer,0,0,0,0,0,0,20,20,1,1,26,26,Lions,,,,
Ruan Smith,0,0,0,0,0,0,39,39,4,3,33,24,Lions,,,,
Ruan Venter,0,0,0,0,0,0,0,133,0,3,0,52,Lions,,,,
Ruben Schoeman,0,0,0,0,1,1,31,28,0,0,18,15,Lions,,,,
Ruhan Straeuli,1,1,0,0,1,1,68,68,2,2,23,23,Lions,,,,
Sanele Nohamba,1,1,0,0,5,4,168,131,6,6,21,16,Lions,,,,
Sango Xamlashe,0,0,0,0,0,0,21,21,1,1,7,7,Lions,,,,
Sibusiso Sangweni,0,0,0,0,2,2,72,70,1,1,26,24,Lions,,,,
Stean Pienaar,0,0,0,0,0,0,26,26,0,0,4,4,Lions,,,,
Sti Sithole,0,0,0,0,0,0,6,6,0,0,16,16,Lions,,,,
Tiaan Swanepoel,0,0,0,0,0,0,0,0,0,0,0,0,Lions,,,,
Willem Alberts,0,0,0,0,0,0,8,4,1,1,13,7,Lions,,,,
Zander du Plessis,0,0,0,0,0,0,94,94,2,2,16,16,Lions,,,,
Alex Kendellen,0,0,0,0,1,0,109,84,1,1,47,26,Munster,,,,
Andrew Conway,0,0,0,0,0,0,0,0,0,0,0,0,Munster,,,,
Antoine Frisch,0,0,0,0,4,4,106,81,9,4,33,19,Munster,,,,
Ben Healy,2,1,0,0,3,3,84,66,4,4,30,28,Munster,,,,
Calvin Nash,2,2,0,0,5,5,167,167,3,3,26,26,Munster,,,,
Chris Farrell,0,0,0,0,0,0,10,10,0,0,3,3,Munster,,,,
Chris Moore,0,0,0,0,0,0,0,0,0,0,0,0,Munster,,,,
Cian Hurley,0,0,0,0,0,0,1,1,0,0,2,2,Munster,,,,
Conor Murray,0,0,0,0,0,0,5,0,0,0,7,2,Munster,,,,
Conor Phillips,0,0,0,0,0,0,17,17,1,1,10,10,Munster,,,,
Craig Casey,1,1,0,0,0,0,59,59,3,3,26,26,Munster,,,,
Dan Goggin,0,0,0,0,0,0,114,114,0,0,36,36,Munster,,,,
Daniel Okeke,0,0,0,0,0,0,0,0,0,0,0,0,Munster,,,,
Darragh McSweeney,0,0,0,0,0,0,0,0,0,0,0,0,Munster,,,,
Dave Kilcoyne,0,0,0,0,0,0,66,53,1,1,13,37,Munster,,,,
Diarmuid Barron,0,0,0,0,1,1,98,98,3,3,26,26,Munster,,,,
Edwin Edogbo,0,0,0,0,0,0,8,8,0,0,14,14,Munster,,,,
Eoin O'Connor,0,0,0,0,0,0,4,4,0,0,6,6,Munster,,,,
Ethan Coughlan,0,0,0,0,0,0,0,0,0,0,0,0,Munster,,,,
Evan O'Connell,0,0,0,0,0,0,0,0,0,0,0,0,Munster,,,,
Fineen Wycherley,0,0,0,0,0,0,0,0,0,0,0,0,Munster,,,,
Fionn Gibbons,0,0,0,0,0,0,0,0,0,0,0,0,Munster,,,,
Gavin Coombes,4,3,0,0,2,0,168,110,6,3,201,52,Munster,,,,
Jack Crowley,0,0,0,0,3,2,188,145,10,7,55,42,Munster,,,,
Jack Daly,0,0,0,0,0,0,0,0,0,0,0,0,Munster,,,,
Jack O'Donoghue,0,0,0,0,0,0,146,125,6,4,64,42,Munster,,,,
Jack O'Sullivan,1,1,0,0,0,0,67,67,1,1,24,24,Munster,,,,
James French,0,0,0,0,0,0,0,0,0,0,0,0,Munster,,,,
Jean Kleyn,0,0,0,0,1,1,57,43,3,3,58,35,Munster,,,,
Jeremy Loughman,1,1,0,0,0,0,32,32,1,1,25,25,Munster,,,,
Joey Carbery,1,1,0,0,1,1,122,122,3,3,26,26,Munster,,,,
John Hodnett,0,0,0,0,2,2,113,113,3,3,35,35,Munster,,,,
John Ryan,1,1,0,0,0,0,10,10,0,0,9,9,Munster,,,,
Josh Wycherley,0,0,0,0,0,0,2,2,0,0,11,6,Munster,,,,
Keith Earls,0,0,0,0,0,0,53,3,4,1,16,3,Munster,,,,
Keynan Knox,1,1,0,0,0,0,25,25,2,2,20,20,Munster,,,,
Kieran Ryan,0,0,0,0,0,0,0,0,0,0,0,0,Munster,,,,
Kiran McDonald Seran,0,0,0,0,0,0,10,0,0,0,10,0,Munster,,,,
Liam Coombes,1,1,0,0,3,3,140,140,2,2,30,30,Munster,,,,
Liam O'Connor,0,0,0,0,0,0,0,0,0,0,0,0,Munster,,,,
Malakai Fekitoa,0,0,0,0,1,1,198,166,6,4,59,47,Munster,,,,
Mark Donnelly,0,0,0,0,0,0,0,0,0,0,0,0,Munster,,,,
Mike Haley,0,0,0,0,2,0,283,189,6,4,61,43,Munster,,,,
Neil Cronin,0,0,0,0,0,0,15,15,0,0,1,1,Munster,,,,
Niall Scannell,3,3,0,0,1,0,89,53,1,1,61,36,Munster,,,,
Oli Morris,0,0,0,0,0,0,0,0,0,0,0,0,Munster,,,,
Paddy Kelly,0,0,0,0,0,0,0,0,0,0,0,0,Munster,,,,
Paddy Patterson,1,0,0,0,1,0,71,69,6,5,31,25,Munster,,,,
Patrick Campbell,2,1,0,0,2,1,161,142,1,1,29,25,Munster,,,,
Peter O'Mahony,0,0,0,0,0,0,28,28,2,2,17,17,Munster,,,,
RG Snyman,0,0,0,0,0,0,0,0,0,0,0,0,Munster,,,,
Roman Salanoa,1,1,0,0,0,0,26,19,0,0,24,15,Munster,,,,
Rory Scannell,1,1,0,0,0,0,51,51,3,3,28,28,Munster,,,,
Ruadhan Quinn,0,0,0,0,1,1,46,46,0,0,6,6,Munster,,,,
Scott Buckley,0,0,0,0,0,0,7,6,2,2,12,8,Munster,,,,
Shane Daly,1,1,0,0,4,3,314,213,4,4,67,45,Munster,,,,
Simon Zebo,0,0,0,0,3,3,118,118,1,1,14,14,Munster,,,,
Stephen Archer,1,1,0,0,0,0,19,8,0,0,17,11,Munster,,,,
Tadhg Beirne,1,1,0,0,1,1,47,47,2,2,32,32,Munster,,,,
Thomas Ahern,0,0,0,0,0,0,39,39,0,0,13,13,Munster,,,,
Tony Butler,0,0,0,0,0,0,0,0,0,0,0,0,Munster,,,,
Adam Beard,0,0,0,0,0,0,9,4,1,1,27,20,Ospreys,,,,
Alex Cuthbert,1,0,0,0,2,0,60,0,1,0,12,0,Ospreys,,,,
Alun Wyn Jones,0,0,0,0,0,0,25,11,5,2,32,22,Ospreys,,,,
Ben Warren,0,0,0,0,0,0,10,10,1,1,5,5,Ospreys,,,,
Bradley Davies,0,0,0,0,0,0,1,1,1,1,3,3,Ospreys,,,,
Cai Evans,0,0,0,0,0,0,14,14,1,1,8,8,Ospreys,,,,
Cameron Jones,0,0,0,0,0,0,0,0,0,0,0,0,Ospreys,,,,
Dan Edwards,0,0,0,0,0,0,0,0,0,0,0,0,Ospreys,,,,
Dan Evans,0,0,0,0,0,0,0,0,0,0,0,0,Ospreys,,,,
Dan Lydiate,0,0,0,0,0,0,7,7,0,0,13,13,Ospreys,,,,
Dewi Lake,2,1,0,0,0,0,55,25,0,0,46,38,Ospreys,,,,
Elvis Taione,0,0,0,0,0,0,0,0,0,0,0,0,Ospreys,,,,
Ethan Roots,0,0,0,0,1,1,141,88,1,0,48,35,Ospreys,,,,
Gareth Anscombe,1,1,0,0,1,1,61,61,1,1,10,10,Ospreys,,,,
Gareth Thomas,0,0,0,0,0,0,3,0,0,0,5,1,Ospreys,,,,
Garyn Phillips,0,0,0,0,0,0,4,4,1,1,9,9,Ospreys,,,,
George North,2,2,0,0,3,3,186,186,4,4,31,31,Ospreys,,,,
Harri Deaves,0,0,0,0,0,0,20,20,0,0,13,13,Ospreys,,,,
Harri Houston,0,0,0,0,0,0,0,0,0,0,0,0,Ospreys,,,,
Harri Morgan,0,0,0,0,0,0,0,0,0,0,0,0,Ospreys,,,,
Huw Sutton,1,1,0,0,1,1,36,36,1,1,20,20,Ospreys,,,,
Iestyn Hopkins,0,0,0,0,0,0,0,0,0,0,0,0,Ospreys,,,,
Jac Morgan,1,1,0,0,2,2,160,124,3,2,55,43,Ospreys,,,,
Jack Regan,0,0,0,0,0,0,5,5,0,0,10,10,Ospreys,,,,
Jack Walsh,1,1,0,0,3,3,264,216,7,7,64,53,Ospreys,,,,
James Fender,0,0,0,0,0,0,0,0,0,0,0,0,Ospreys,,,,
Joe Grabham,0,0,0,0,0,0,0,0,0,0,0,0,Ospreys,,,,
Joe Hawkins,0,0,0,0,1,1,112,106,2,2,24,22,Ospreys,,,,
Justin Tipuric,0,0,0,0,2,2,16,14,3,2,18,14,Ospreys,,,,
Keelan Giles,4,4,0,0,12,11,356,332,5,5,43,40,Ospreys,,,,
Keiran Williams,2,1,0,0,4,2,177,82,2,1,34,20,Ospreys,,,,
Luke Morgan,1,1,0,0,1,1,147,147,3,3,26,26,Ospreys,,,,
Luke Scully,0,0,0,0,0,0,0,0,0,0,0,0,Ospreys,,,,
Mat Protheroe,0,0,0,0,0,0,5,5,0,0,1,1,Ospreys,,,,
Matthew Aubrey,0,0,0,0,1,1,8,8,0,0,3,3,Ospreys,,,,
Max Nagy,0,0,0,0,4,4,345,345,9,9,77,77,Ospreys,,,,
Mike Collins,0,0,0,0,3,2,198,107,8,6,55,45,Ospreys,,,,
Morgan Morris,2,2,0,0,2,2,258,252,5,5,98,88,Ospreys,,,,
Morgan Morse,0,0,0,0,0,0,0,0,0,0,0,0,Ospreys,,,,
Nicky Smith,0,0,0,0,0,0,40,37,0,0,32,30,Ospreys,,,,
Osian Knott,0,0,0,0,0,0,0,0,0,0,0,0,Ospreys,,,,
Owen Watkin,0,0,0,0,0,0,0,0,0,0,0,0,Ospreys,,,,
Reuben Morgan-Williams,2,2,0,0,5,5,73,60,3,3,17,13,Ospreys,,,,
Rhys Davies,1,1,0,0,0,0,31,28,1,1,35,29,Ospreys,,,,
Rhys Henry,1,1,0,0,1,1,35,35,0,0,21,21,Ospreys,,,,
Rhys Webb,2,1,0,0,2,1,119,41,9,3,36,22,Ospreys,,,,
Sam Cross,0,0,0,0,0,0,0,0,0,0,0,0,Ospreys,,,,
Sam Moore,0,0,0,0,0,0,0,0,0,0,0,0,Ospreys,,,,
Sam Parry,3,1,0,0,0,0,28,24,0,0,14,10,Ospreys,,,,
Scott Baldwin,2,2,0,0,0,0,35,35,2,2,37,37,Ospreys,,,,
Stephen Myler,0,0,0,0,0,0,0,0,0,0,0,0,Ospreys,,,,
Tiaan Thomas-Wheeler,1,1,0,0,2,2,34,34,3,3,17,17,Ospreys,,,,
Tom Botha,0,0,0,0,0,0,2,2,0,0,12,10,Ospreys,,,,
Tom Florence,0,0,0,0,0,0,0,0,0,0,0,0,Ospreys,,,,
Tomas Francis,0,0,0,0,0,0,5,1,2,2,6,5,Ospreys,,,,
Tristan Davies,0,0,0,0,0,0,0,0,0,0,1,1,Ospreys,,,,
Will Griffiths,0,0,0,0,0,0,25,25,0,0,11,11,Ospreys,,,,
Will Hickey,0,0,0,0,0,0,2,2,0,0,6,6,Ospreys,,,,
Aaron Shingler,0,0,0,0,0,0,58,27,7,4,29,20,Scarlets,,,,
Alex Jeffries,0,0,0,0,0,0,0,0,0,0,0,0,Scarlets,,,,
Archie Hughes,0,0,0,0,0,0,0,0,0,0,1,1,Scarlets,,,,
Blade Thomson,0,0,0,0,3,3,106,106,8,8,43,43,Scarlets,,,,
Carwyn Tuipulotu,0,0,0,0,0,0,3,0,0,0,4,0,Scarlets,,,,
Corey Baldwin,0,0,0,0,2,2,110,110,1,1,17,17,Scarlets,,,,
Dafydd Hughes,2,2,0,0,0,0,24,24,2,2,20,20,Scarlets,,,,
Dan Davis,1,1,0,0,0,0,46,23,1,0,14,6,Scarlets,,,,
Dan Jones,0,0,0,0,0,0,27,24,1,1,16,14,Scarlets,,,,
Dane Blacker,1,0,0,0,2,1,96,71,2,1,11,9,Scarlets,,,,
Eddie James,0,0,0,0,0,0,0,0,0,0,0,0,Scarlets,,,,
Gareth Davies,0,0,0,0,5,5,165,165,8,8,28,28,Scarlets,,,,
Harri O'Connor,0,0,0,0,0,0,13,13,0,0,25,25,Scarlets,,,,
Harri Williams,0,0,0,0,0,0,0,0,0,0,0,0,Scarlets,,,,
Iestyn Rees,0,0,0,0,0,0,0,0,0,0,0,0,Scarlets,,,,
Ioan Nicholas,0,0,0,0,0,0,30,30,0,0,5,5,Scarlets,,,,
Iwan Shenton,0,0,0,0,0,0,3,3,0,0,4,4,Scarlets,,,,
Jac Price,0,0,0,0,0,0,1,1,1,1,11,11,Scarlets,,,,
Javan Sebastian,0,0,0,0,0,0,5,5,0,0,22,22,Scarlets,,,,
Joe Roberts,0,0,0,0,0,0,48,0,1,0,9,0,Scarlets,,,,
Johnny McNicholl,3,1,0,0,10,7,607,487,15,12,87,72,Scarlets,,,,
Johnny Williams,2,2,0,0,4,4,144,144,2,2,32,32,Scarlets,,,,
Jonathan Davies,2,2,0,0,2,2,207,199,4,4,80,74,Scarlets,,,,
Josh Helps,0,0,0,0,0,0,0,0,0,0,0,0,Scarlets,,,,
Josh Macleod,0,0,0,0,0,0,30,30,1,1,35,35,Scarlets,,,,
Kemsley Mathias,0,0,0,0,0,0,9,6,1,1,15,4,Scarlets,,,,
Ken Owens,0,0,0,0,0,0,38,27,0,0,39,28,Scarlets,,,,
Kieran Hardy,0,0,0,0,3,3,100,100,3,3,21,19,Scarlets,,,,
Leigh Halfpenny,0,0,0,0,2,1,152,139,0,0,40,35,Scarlets,,,,
Lewis Rawlins,0,0,0,0,0,0,0,0,0,0,0,0,Scarlets,,,,
Luca Giannini,0,0,0,0,0,0,0,0,0,0,0,0,Scarlets,,,,
Morgan Jones,0,0,0,0,0,0,9,9,0,0,12,12,Scarlets,,,,
Phil Price,0,0,0,0,0,0,0,0,0,0,2,2,Scarlets,,,,
Rhys Patchell,0,0,0,0,3,2,91,45,3,3,24,17,Scarlets,,,,
Ryan Conbeer,4,4,0,0,13,13,439,439,1,1,50,50,Scarlets,,,,
Ryan Elias,0,0,0,0,1,1,31,31,0,0,23,23,Scarlets,,,,
Sam Costelow,3,3,0,0,8,8,235,235,1,1,44,44,Scarlets,,,,
Sam Lousi,2,2,0,0,3,3,156,148,11,10,62,52,Scarlets,,,,
Sam O'Connor,0,0,0,0,0,0,0,0,0,0,0,0,Scarlets,,,,
Samson Lee,0,0,0,0,0,0,0,0,0,0,0,0,Scarlets,,,,
Scott Williams,0,0,0,0,2,0,54,25,0,0,26,16,Scarlets,,,,
Shaun Evans,0,0,0,0,0,0,10,10,0,0,11,11,Scarlets,,,,
Sione Kalamafoni,2,1,0,0,2,2,426,375,7,5,150,131,Scarlets,,,,
Steff Evans,3,2,0,0,5,3,226,184,7,5,47,38,Scarlets,,,,
Steff Thomas,0,0,0,0,0,0,22,22,0,0,35,32,Scarlets,,,,
Taylor Davies,0,0,0,0,1,1,16,16,1,1,8,8,Scarlets,,,,
Tom Price,0,0,0,0,0,0,2,2,0,0,8,8,Scarlets,,,,
Tom Rogers,2,2,0,0,6,6,246,246,1,1,35,35,Scarlets,,,,
Tomas Lezana,0,0,0,0,0,0,4,4,0,0,5,5,Scarlets,,,,
Vaea Fifita,1,1,0,0,2,1,125,94,6,5,37,28,Scarlets,,,,
Willgriff John,0,0,0,0,0,0,7,0,0,0,12,0,Scarlets,,,,
Wyn Jones,0,0,0,0,0,0,8,8,0,0,17,17,Scarlets,,,,
Anthony Volmink,2,2,0,0,2,2,104,104,0,0,17,17,Sharks,,,,
Aphelele Fassi,4,4,0,0,6,6,260,260,5,5,40,40,Sharks,,,,
Ben Tapuai,0,0,0,0,1,1,105,105,4,4,27,27,Sharks,,,,
Boeta Chamberlain,1,0,0,0,7,4,370,202,4,3,52,37,Sharks,,,,
Bongi Mbonambi,2,1,0,0,0,0,34,22,0,0,13,7,Sharks,,,,
Bradley Davids,0,0,0,0,0,0,0,0,0,0,0,0,Sharks,,,,
Cameron Wright,0,0,0,0,0,0,39,39,1,1,9,9,Sharks,,,,
Carlu Sadie,0,0,0,0,0,0,19,16,0,0,19,14,Sharks,,,,
Curwin Bosch,1,1,0,0,2,2,49,24,2,0,17,7,Sharks,,,,
Dan Jooste,1,1,0,0,0,0,18,18,2,2,13,13,Sharks,,,,
Dian Bleuler,0,0,0,0,0,0,2,2,0,0,11,9,Sharks,,,,
Dylan Richardson,0,0,0,0,0,0,75,75,2,2,39,39,Sharks,,,,
Eben Etzebeth,0,0,0,0,0,0,28,15,4,2,11,5,Sharks,,,,
Eduan Keyter,0,0,0,0,0,0,0,0,0,0,0,0,Sharks,,,,
Fez Mbatha,0,0,0,0,0,0,0,0,0,0,0,0,Sharks,,,,
Francois Venter,0,0,0,0,2,2,62,62,3,3,20,20,Sharks,,,,
Fred Zeilinga,0,0,0,0,0,0,0,0,0,0,1,1,Sharks,,,,
Gerbrandt Grobler,0,0,0,0,0,0,32,12,3,2,25,12,Sharks,,,,
Grant Williams,3,1,0,0,4,2,215,119,2,2,25,16,Sharks,,,,
Hanru Jacobs,0,0,0,0,0,0,0,0,0,0,0,0,Sharks,,,,
Henco Venter,0,0,0,0,0,0,23,0,1,0,9,0,Sharks,,,,
Hyron Andrews,0,0,0,0,0,0,31,5,2,1,14,9,Sharks,,,,
Jaden Hendrikse,0,0,0,0,1,0,59,29,5,4,15,13,Sharks,,,,
James Venter,1,1,0,0,3,3,78,78,1,1,24,24,Sharks,,,,
Jeandre Labuschagne,0,0,0,0,0,0,11,11,0,0,5,5,Sharks,,,,
Justin Basson,0,0,0,0,0,0,2,2,0,0,3,3,Sharks,,,,
Kerron van Vuuren,1,1,0,0,0,0,49,45,0,0,20,18,Sharks,,,,
Khutha Mchunu,0,0,0,0,0,0,0,0,0,0,0,0,Sharks,,,,
Khwezi Mona,0,0,0,0,0,0,0,0,0,0,0,0,Sharks,,,,
Le Roux Roets,0,0,0,0,0,0,0,0,0,0,0,0,Sharks,,,,
Lionel Cronje,0,0,0,0,0,0,40,34,0,0,8,7,Sharks,,,,
Lukhanyo Am,0,0,0,0,1,0,69,0,3,0,12,0,Sharks,,,,
Makazole Mapimpi,2,0,0,0,5,2,245,99,1,1,31,15,Sharks,,,,
Marnus Potgieter,1,1,0,0,4,3,160,121,1,0,25,20,Sharks,,,,
Mpilo Gumede,0,0,0,0,0,0,0,0,0,0,0,0,Sharks,,,,
Muller du Plessis,0,0,0,0,0,0,0,0,0,0,0,0,Sharks,,,,
Murray Koster,0,0,0,0,0,0,0,0,0,0,0,0,Sharks,,,,
Nevaldo Fleurs,0,0,0,0,0,0,0,0,0,0,1,1,Sharks,,,,
Ntuthuko Mchunu,0,0,0,0,1,1,41,41,2,2,18,18,Sharks,,,,
Ox Nche,0,0,0,0,0,0,19,16,1,1,10,9,Sharks,,,,
Phepsi Buthelezi,1,1,0,0,2,2,294,234,4,4,67,52,Sharks,,,,
Reniel Hugo,1,1,0,0,1,1,19,19,3,3,10,10,Sharks,,,,
Rohan Janse van Rensburg,3,1,0,0,6,3,217,107,10,5,42,22,Sharks,,,,
Sikhumbuzo Notshe,1,1,0,0,2,1,154,89,4,3,47,26,Sharks,,,,
Siya Kolisi,1,0,0,0,4,1,113,26,2,0,12,4,Sharks,,,,
Thaakir Abrahams,3,3,0,0,5,5,177,177,0,0,20,20,Sharks,,,,
Thembelani Bholi,0,0,0,0,0,0,0,0,0,0,0,0,Sharks,,,,
Thomas du Toit,0,0,0,0,0,0,53,28,1,0,28,17,Sharks,,,,
Tino Mavesere,0,0,0,0,0,0,0,0,0,0,0,0,Sharks,,,,
Vincent Tshituka,0,0,0,0,0,0,52,52,4,4,22,22,Sharks,,,,
Werner Kok,3,3,0,0,6,6,195,195,1,1,20,20,Sharks,,,,
Yaw Penxe,0,0,0,0,0,0,0,0,0,0,0,0,Sharks,,,,
Zee Mkhabela,0,0,0,0,0,0,0,0,0,0,0,0,Sharks,,,,
Adre Smith,0,0,0,0,0,0,0,0,0,0,0,0,Stormers,,,,
Alapati Leiua,0,0,0,0,0,0,21,21,0,0,10,10,Stormers,,,,
Ali Vermaak,0,0,0,0,0,0,2,2,1,1,7,7,Stormers,,,,
Andre-Hugo Venter,1,1,0,0,1,1,49,45,1,1,19,18,Stormers,,,,
Angelo Davids,3,1,0,0,8,4,285,188,4,1,31,21,Stormers,,,,
Ben-Jason Dixon,0,0,0,0,1,1,37,22,2,0,17,6,Stormers,,,,
Brok Harris,0,0,0,0,0,0,0,0,0,0,3,3,Stormers,,,,
Chad Solomon,0,0,0,0,0,0,0,0,0,0,0,0,Stormers,,,,
Chris Hollis,0,0,0,0,0,0,0,0,0,0,0,0,Stormers,,,,
Clayton Blommetjies,1,1,0,0,4,4,481,460,11,11,85,81,Stormers,,,,
Connor Evans,0,0,0,0,0,0,6,0,0,0,6,2,Stormers,,,,
Cornel Smit,0,0,0,0,2,2,59,59,3,3,12,12,Stormers,,,,
Damian Willemse,1,0,0,0,3,0,202,49,6,3,42,15,Stormers,,,,
Dan du Plessis,2,1,0,0,6,5,340,290,10,9,74,60,Stormers,,,,
Deon Fourie,2,1,0,0,1,1,24,7,1,1,15,7,Stormers,,,,
Ernst van Rhyn,1,1,0,0,0,0,17,17,2,2,13,13,Stormers,,,,
Evan Roos,1,1,0,0,4,4,164,164,6,6,42,42,Stormers,,,,
Frans Malherbe,0,0,0,0,0,0,1,1,0,0,3,3,Stormers,,,,
Gary Porter,0,0,0,0,0,0,14,14,0,0,7,7,Stormers,,,,
Godlen Masimla,0,0,0,0,0,0,0,0,0,0,1,1,Stormers,,,,
Hacjivah Dayimani,2,2,0,0,10,5,371,233,10,8,65,48,Stormers,,,,
Herschel Jantjies,2,2,0,0,1,1,22,22,0,0,4,4,Stormers,,,,
Imad Khan,0,0,0,0,0,0,0,0,0,0,0,0,Stormers,,,,
Jean-Luc du Plessis,0,0,0,0,0,0,0,0,0,0,0,0,Stormers,,,,
JJ Kotze,0,0,0,0,0,0,11,11,2,2,6,6,Stormers,,,,
Joseph Dweba,3,2,0,0,0,0,56,40,1,1,30,24,Stormers,,,,
Juan de Jongh,0,0,0,0,0,0,0,0,0,0,0,0,Stormers,,,,
Junior Pokomela,3,3,0,0,0,0,45,49,2,1,17,15,Stormers,,,,
Kade Wolhuter,0,0,0,0,0,0,12,12,4,4,6,6,Stormers,,,,
Keke Morabe,0,0,0,0,0,0,0,0,0,0,0,0,Stormers,,,,
Kwenzo Blose,0,0,0,0,0,0,2,2,0,0,3,3,Stormers,,,,
Lee-Marvin Mazibuko,0,0,0,0,0,0,0,0,0,0,0,0,Stormers,,,,
Leolin Zas,3,2,0,0,10,7,366,235,2,1,32,22,Stormers,,,,
Leon Lyons,0,0,0,0,0,0,0,0,0,0,0,0,Stormers,,,,
Manie Libbok,1,1,0,0,6,5,298,138,8,8,55,35,Stormers,,,,
Marcel Theunissen,2,1,0,0,1,0,39,23,2,2,13,10,Stormers,,,,
Marvin Orie,0,0,0,0,0,0,19,8,1,0,23,20,Stormers,,,,
Mnombo Zwelendaba,0,0,0,0,0,0,2,2,0,0,1,1,Stormers,,,,
Nama Xaba,3,3,0,0,0,0,14,14,3,3,12,12,Stormers,,,,
Neethling Fouche,1,1,0,0,1,1,16,14,0,0,26,21,Stormers,,,,
Paul de Wet,1,1,0,0,3,2,106,80,9,5,32,22,Stormers,,,,
Ruhan Nel,1,1,0,0,2,2,67,67,3,3,11,11,Stormers,,,,
Sacha Feinberg-Mngomezulu,2,2,0,0,2,2,81,81,1,1,24,24,Stormers,,,,
Salmaan Moerat,0,0,0,0,0,0,4,4,1,1,13,13,Stormers,,,,
Sazi Sandi,0,0,0,0,0,0,1,1,0,0,4,3,Stormers,,,,
Scarra Ntubeni,0,0,0,0,0,0,0,0,0,0,0,0,Stormers,,,,
Seabelo Senatla,0,0,0,0,0,0,0,0,0,0,0,0,Stormers,,,,
Stefan Ungerer,0,0,0,0,0,0,0,0,0,0,0,0,Stormers,,,,
Steven Kitshoff,0,0,0,0,0,0,15,4,1,0,17,10,Stormers,,,,
Suleiman Hartzenberg,3,2,0,0,5,4,268,162,4,1,30,18,Stormers,,,,
Tristan Leyds,0,0,0,0,0,0,1,1,2,2,4,4,Stormers,,,,
Willie Engelbrecht,0,0,0,0,0,0,20,12,1,1,11,6,Stormers,,,,
Aaron Sexton,0,0,0,0,2,2,121,121,0,0,15,15,Ulster,,,,
Alan O'Connor,1,1,0,0,0,0,34,34,2,2,40,40,Ulster,,,,
Andrew Warwick,0,0,0,0,0,0,10,10,0,0,31,31,Ulster,,,,
Angus Curtis,0,0,0,0,0,0,1,1,0,0,7,7,Ulster,,,,
Ben Carson,0,0,0,0,0,0,0,0,0,0,0,0,Ulster,,,,
Ben Moxham,0,0,0,0,0,0,21,21,0,0,2,2,Ulster,,,,
Billy Burns,2,2,0,0,1,1,72,69,3,2,26,22,Ulster,,,,
Callum Reid,2,2,0,0,0,0,16,16,1,1,27,27,Ulster,,,,
Conor McKee,0,0,0,0,0,0,0,0,0,0,0,0,Ulster,,,,
Cormac Izuchukwu,0,0,0,0,0,0,37,37,1,1,24,24,Ulster,,,,
Craig Gilroy,0,0,0,0,0,0,0,0,0,0,0,0,Ulster,,,,
Dave Shanahan,0,0,0,0,0,0,0,0,0,0,1,1,Ulster,,,,
David McCann,0,0,0,0,0,0,23,23,0,0,18,18,Ulster,,,,
Declan Moore,0,0,0,0,1,1,9,9,1,1,3,3,Ulster,,,,
Duane Vermeulen,0,0,0,0,1,1,65,63,2,2,23,21,Ulster,,,,
Eric O'Sullivan,0,0,0,0,0,0,27,27,0,0,23,21,Ulster,,,,
Ethan Mcilroy,1,1,0,0,3,2,249,200,3,1,29,25,Ulster,,,,
Frank Bradshaw-Ryan,0,0,0,0,0,0,0,0,0,0,0,0,Ulster,,,,
Gareth Milasinovich,0,0,0,0,0,0,5,0,0,0,5,0,Ulster,,,,
George Saunderson,0,0,0,0,0,0,0,0,0,0,0,0,Ulster,,,,
Greg Jones,0,0,0,0,0,0,2,0,0,0,5,3,Ulster,,,,
Harry Sheridan,0,0,0,0,0,0,0,0,0,0,0,0,Ulster,,,,
Iain Henderson,0,0,0,0,0,0,22,2,1,1,25,10,Ulster,,,,
Ian Madigan,0,0,0,0,0,0,5,5,0,0,5,5,Ulster,,,,
Jacob Stockdale,0,0,0,0,3,3,340,251,5,5,56,44,Ulster,,,,
Jake Flannery,0,0,0,0,0,0,8,8,0,0,3,3,Ulster,,,,
James Hume,1,1,0,0,1,1,57,44,4,3,29,23,Ulster,,,,
James Humphreys,0,0,0,0,0,0,0,0,0,0,0,0,Ulster,,,,
James McCormick,0,0,0,0,0,0,0,0,0,0,0,0,Ulster,,,,
James McNabney,0,0,0,0,0,0,0,0,0,0,0,0,Ulster,,,,
Jeff Toomaga-Allen,0,0,0,0,0,0,0,0,0,0,0,0,Ulster,,,,
John Andrew,3,3,0,0,0,0,58,58,1,1,28,28,Ulster,,,,
John Cooney,2,2,0,0,5,5,64,52,1,1,17,13,Ulster,,,,
Jordi Murphy,1,1,0,0,0,0,23,23,1,1,23,23,Ulster,,,,
Jude Postlethwaite,0,0,0,0,0,0,0,0,0,0,0,0,Ulster,,,,
Kieran Treadwell,1,1,0,0,0,0,19,17,1,1,26,22,Ulster,,,,
Lorcan McLoughlin,0,0,0,0,0,0,0,0,0,0,0,0,Ulster,,,,
Luke Marshall,3,3,0,0,6,6,210,210,3,3,56,56,Ulster,,,,
Marcus Rea,2,2,0,0,0,0,75,75,2,2,46,46,Ulster,,,,
Marty Moore,1,1,0,0,0,0,15,8,1,1,36,27,Ulster,,,,
Matty Rea,1,1,0,0,0,0,80,80,2,2,41,41,Ulster,,,,
Michael McDonald,0,0,0,0,0,0,0,0,0,0,0,0,Ulster,,,,
Mike Lowry,0,0,0,0,4,4,412,412,7,7,68,68,Ulster,,,,
Nathan Doak,1,1,0,0,4,3,48,31,1,1,26,14,Ulster,,,,
Nick Timoney,0,0,0,0,1,1,140,140,1,1,51,51,Ulster,,,,
Reuben Crothers,0,0,0,0,0,0,0,0,0,0,0,0,Ulster,,,,
Rob Herring,2,2,0,0,0,0,25,25,1,1,16,16,Ulster,,,,
Rob Lyttle,1,1,0,0,1,1,85,85,6,6,13,13,Ulster,,,,
Robert Baloucoune,2,1,0,0,5,3,176,124,3,2,18,10,Ulster,,,,
Rory Sutherland,0,0,0,0,0,0,10,2,0,0,22,4,Ulster,,,,
Sam Carter,3,3,0,0,0,0,50,43,0,0,50,46,Ulster,,,,
Scott Wilson,0,0,0,0,0,0,0,0,0,0,0,0,Ulster,,,,
Sean Reffell,0,0,0,0,0,0,11,0,0,0,8,0,Ulster,,,,
Shea O'Brien,0,0,0,0,0,0,0,0,0,0,0,0,Ulster,,,,
Stewart Moore,2,2,0,0,5,5,291,242,4,3,53,42,Ulster,,,,
Stuart McCloskey,2,2,0,0,2,2,209,162,12,10,78,58,Ulster,,,,
Tom O'Toole,1,1,0,0,1,1,45,45,0,0,32,32,Ulster,,,,
Tom Stewart,6,4,0,0,3,2,224,134,4,1,72,39,Ulster,,,,
Will Addison,0,0,0,0,0,0,0,0,0,0,0,0,Ulster,,,,
Alessandro Fusco,1,1,0,0,3,2,109,66,3,3,27,22,Zebre,,,,
Alessio Sanavia,0,0,0,0,0,0,1,1,2,2,6,6,Zebre,,,,
Andrea Zambonin,1,1,0,0,2,1,39,12,2,1,20,13,Zebre,,,,
Chris Cook,1,1,0,0,2,2,47,47,5,5,19,19,Zebre,,,,
Damiano Mazza,0,0,0,0,2,2,78,78,3,3,19,19,Zebre,,,,
Daniele Rimpelli,0,0,0,0,0,0,0,0,0,0,1,1,Zebre,,,,
Dave Sisi,0,0,0,0,0,0,47,47,2,2,33,33,Zebre,,,,
Davide Ruggeri,0,0,0,0,0,0,65,65,2,2,30,30,Zebre,,,,
Enrico Lucchin,0,0,0,0,2,2,143,88,5,3,56,37,Zebre,,,,
Erich Cronje,2,1,0,0,2,1,118,53,3,2,22,13,Zebre,,,,
Franco Smith,1,1,0,0,1,1,36,36,0,0,8,8,Zebre,,,,
Gabriele Venditti,1,1,0,0,1,1,54,54,2,2,23,23,Zebre,,,,
Geronimo Prisciantelli,0,0,0,0,0,0,169,169,10,10,57,57,Zebre,,,,
Giacomo Ferrari,0,0,0,0,0,0,18,10,0,0,12,7,Zebre,,,,
Giampietro Ribaldi,0,0,0,0,1,1,11,11,0,0,11,11,Zebre,,,,
Gonzalo Garcia,0,0,0,0,1,1,1,1,0,0,1,1,Zebre,,,,
Guido Volpi,0,0,0,0,0,0,14,14,0,0,10,10,Zebre,,,,
Ion Neculai,1,1,0,0,2,2,48,48,0,0,22,22,Zebre,,,,
Jacopo Bianchi,0,0,0,0,0,0,35,0,1,0,46,0,Zebre,,,,
Jacopo Trulla,3,2,0,0,4,2,367,203,2,2,42,31,Zebre,,,,
Jacques du Toit,2,2,0,0,0,0,10,10,1,1,20,20,Zebre,,,,
Jan Uys,0,0,0,0,0,0,5,4,1,0,10,8,Zebre,,,,
Josh Furno,0,0,0,0,0,0,19,5,2,1,12,7,Zebre,,,,
Juan Manuel Pittinari,0,0,0,0,0,0,12,12,1,1,20,17,Zebre,,,,
Kobus van Wyk,0,0,0,0,0,0,23,2,1,0,7,1,Zebre,,,,
Latu Latunipulu,0,0,0,0,1,1,107,107,1,1,16,16,Zebre,,,,
Leonardo Krumov,0,0,0,0,0,0,0,0,0,0,0,0,Zebre,,,,
Lorenzo Pani,3,3,0,0,6,6,396,329,7,5,57,44,Zebre,,,,
Luca Andreani,0,0,0,0,3,0,48,0,1,0,24,0,Zebre,,,,
Luca Bigi,2,0,0,0,1,3,21,43,0,1,13,18,Zebre,,,,
Luca Rizzoli,1,1,0,0,0,0,15,15,0,0,14,14,Zebre,,,,
Marco Manfredi,0,0,0,0,1,1,56,39,0,0,28,20,Zebre,,,,
Matt Kvesic,0,0,0,0,0,0,22,22,2,2,16,16,Zebre,,,,
Matteo Nocera,0,0,0,0,0,0,29,29,1,1,27,27,Zebre,,,,
MJ Pelser,2,2,0,0,4,4,87,87,3,3,28,28,Zebre,,,,
Muhamed Hasa,0,0,0,0,0,0,54,54,1,1,19,19,Zebre,,,,
Nicolo Casilio,0,0,0,0,0,0,3,3,1,1,3,3,Zebre,,,,
Nicolo Teneggi,0,0,0,0,0,0,12,0,1,0,6,1,Zebre,,,,
Paolo Buonfiglio,0,0,0,0,0,0,0,0,0,0,0,0,Zebre,,,,
Pierre Bruno,2,2,0,0,7,7,286,286,12,12,44,44,Zebre,,,,
Ratko Jelic,0,0,0,0,0,0,23,10,3,1,9,3,Zebre,,,,
Riccardo Genovese,0,0,0,0,0,0,0,0,0,0,3,1,Zebre,,,,
Richard Kriel,1,1,0,0,3,3,175,175,4,4,31,31,Zebre,,,,
Simone Gesi,2,2,0,0,7,7,142,142,5,5,32,32,Zebre,,,,
Taina Fox-Matamua,1,1,0,0,1,0,238,143,3,3,60,39,Zebre,,,,
Tiff Eden,0,0,0,0,0,0,95,48,5,4,24,18,Zebre,,,,
Tommaso Boni,0,0,0,0,0,0,78,78,3,3,19,19,Zebre,,,,
